constraints,variables,time
5,6,0.0004540621303021
3,5,0.0006583021022379
3,5,0.0005046459846198
2,4,0.0002932979259639
4,6,0.0004058759659528
2,3,0.0001329100014118
2,4,0.0004910009993182
2,4,0.0003494650009088
3,4,0.0007200880027085
3,4,0.0002367260021856
1,1,5.970900019747205e-05
1,1,9.08900001377333e-05
