constraints,variables,time
5,6,0.0005005109123885
5,6,0.0005825499538332
5,6,0.0007861489430069
5,6,0.0005531390197575
5,6,0.0006391450297087
5,6,0.0017951608169823
3,4,0.0004350610543042
3,4,0.0004415190778672
5,6,0.0008970529306679
5,6,0.0007806438952684
5,6,1.1732071139849722
5,6,1.0901349820196629
5,6,0.0005603290628641
5,6,0.9542700108140708
3,4,0.0004641879349946
3,4,0.8173655569553375
2,4,0.0002418130170553
2,4,0.7610801728442311
2,4,0.7185419541783631
