constraints,variables,time
5,6,0.0004540621303021
3,5,0.0006583021022379
3,5,0.0005046459846198
2,4,0.0002932979259639
4,6,0.00040587596595287323
